{
  "metrics": [
    {
      "metric_id": "bleu@evaluate",
      "parameters": {},
      "score": {
        "bleu": 0.08579818979199645,
        "precisions": [
          0.3568554893927337,
          0.17717037353684448,
          0.14222441323956464,
          0.12112166986226994
        ],
        "brevity_penalty": 0.4722894607151851,
        "length_ratio": 0.5713752810064289,
        "translation_length": 405901,
        "reference_length": 710393
      },
      "elapsed_time": 8.846009105
    },
    {
      "metric_id": "rouge@evaluate",
      "parameters": {},
      "score": {
        "rouge1": 0.300648203232285,
        "rouge2": 0.18725826134212098,
        "rougeL": 0.26704770005786516,
        "rougeLsum": 0.26945129436390314
      },
      "elapsed_time": 16.017153653
    },
    {
      "metric_id": "bertscore@evaluate",
      "parameters": {
        "lang": "pt"
      },
      "score": {
        "precision": 0.7273177460140704,
        "recall": 0.6875456743950737,
        "f1": 0.7049633412392485,
        "hashcode": "bert-base-multilingual-cased_L9_no-idf_version=0.3.12(hug_trans=4.48.2)"
      },
      "elapsed_time": 89.625353144
    },
    {
      "metric_id": "moverscore",
      "parameters": {
        "batch_size": 64
      },
      "score": {
        "mover_score": 0.3919486033758562
      },
      "elapsed_time": 1219.076354228
    }
  ]
}